prompt,completion
What are the five SaaS tools included in the Mobius DTaaS suite,"The Mobius DTaaS suite includes Pascal Intelligence (PI), BoltzmannBot (BoB), Monet, Vinci, and HolaVerse, each of which addresses specific areas of digital transformation, from low-code app development to omnichannel engagement and marketplace creation."
How can Mobius DTaaS help businesses overcome the challenges of digital transformation,"Mobius DTaaS provides a suite of five cutting-edge SaaS tools designed to accelerate digital transformation and make it more accessible and affordable for businesses of all sizes. By leveraging the power of these tools, businesses can transform their operations, reduce costs, enhance customer experiences, and gain a competitive edge in their industry."
What is Mobius DTaaS,Mobius DTaaS is a suite of five cutting-edge SaaS tools designed to accelerate digital transformation and make it more accessible and affordable for businesses of all sizes.
What are the components of Mobius DTaaS,"The components of Mobius DTaaS are Pascal Intelligence (PI), BoltzmannBot (BoB), Monet, Vinci, and HolaVerse."
What are the benefits of using Mobius DTaaS,"The benefits of using Mobius DTaaS include reducing costs, enhancing customer experiences, and gaining a competitive edge in their industry."
How can Mobius DTaaS help businesses bridge the gap between digital transformation and affordability,Mobius DTaaS can help businesses bridge the gap between digital transformation and affordability by providing cutting-edge SaaS tools that are accessible and affordable for businesses of all sizes.
What specific areas of digital transformation does Mobius DTaaS address,"Mobius DTaaS addresses a range of areas related to digital transformation,including low-code app development, omnichannel engagement, and marketplace creation."
What are some benefits of using Mobius DTaaS for businesses,"By using Mobius DTaaS, businesses can transform their operations, reduce costs, enhance customer experiences, and gain a competitive edge in their industry."
What specific areas of digital transformation does Mobius DTaaS address,"Mobius DTaaS addresses a range of areas related to digital transformation,including low-code app development, omnichannel engagement, and marketplace creation."
What is Mobius DTaaS,"Mobius DTaaS is a suite of five tools designed to help businesses streamline their operations and enhance customer experiences. The suite consists of Pascal Intelligence (PI), BoltzmannBot (BoB), Monet, Vinci, and HolaVerse."
details about Pascal Intelligence,"Pascal Intelligence (PI) is an AI-powered predictive analytics tool that leverages machine learning and data analysis to provide businesses with actionable insights into their operations, customers, and market trends. By analyzing vast amounts of data, PI can help businesses make informed decisions, optimize their operations, and identify new revenue streams."
What is Pascal Intelligence (PI) and how does it help businesses,"PI is an AI-powered predictive analytics tool that provides businesses with actionable insights into their operations, customers, and market trends. It helps businesses make informed decisions, optimize their operations, and identify new revenue streams."
What is BoltzmannBot (BoB) and how does it help businesses?,"BoB is an API automation and business process orchestration platform that uses advanced algorithms and machine learning to deliver efficient, scalable, and reliable automation solutions to businesses. It helps businesses optimize their processes, reduce manual labor, eliminate errors, and enhance customer experiences."
What is Monet and how does it help businesses,"Monet is a low-code app development tool that enables businesses to create custom applications quickly and easily, without extensive coding knowledge or IT resources. It helps businesses enhance their digital capabilities and improve their customer experiences."
What is Vinci and how does it help businesses,"Vinci is an omnichannel engagement tool that allows businesses to interact with their customers across multiple channels, including email, social media, SMS, and chatbots. It helps businesses create personalized customer journeys and deliver relevant, timely messages to enhance customer engagement and loyalty."
What is HolaVerse and how does it help businesses,"HolaVerse is a marketplace creation tool that enables businesses to create and manage their own digital marketplace, connecting buyers and sellers and enabling seamless transactions. It helps businesses expand their reach, create new revenue streams, and enhance customer experiences."
How does Pascal Intelligence use machine learning to provide insights for businesses,"PI leverages machine learning and data analysis to analyze vast amounts of data and provide businesses with actionable insights into their operations, customers, and market trends."
How does BoltzmannBot automate complex workflows for businesses,"BoB uses advanced algorithms and machine learning to streamline and automate complex workflows across industries, helping businesses optimize their processes, reduce manual labor, eliminate errors, and enhance customer experiences."
How does Monet make app development accessible to businesses,"Monet's low-code app development platform enables businesses to develop and deploy high-quality apps quickly and easily, without extensive coding knowledge or IT resources. Its drag-and-drop interface and pre-built templates make app development accessible to businesses of all sizes."
How does Pascal Intelligence use machine learning to provide insights for businesses,"PI leverages machine learning and data analysis to analyze vast amounts of data and provide businesses with actionable insights into their operations, customers, and market trends."
How does Monet make app development accessible to businesses,"Monet's low-code app development platform enables businesses to develop and deploy high-quality apps quickly and easily, without extensive coding knowledge or IT resources. Its drag-and-drop interface and pre-built templates make app development accessible to businesses of all sizes."
How does Vinci help businesses engage with their customers across multiple channels,"Vinci's omnichannel engagement platform allows businesses to interact with their customers across multiple channels, delivering personalized customer journeys and relevant, timely messages to enhance customer engagement and loyalty."
